model_name,layers,best_val_loss,best_val_ppl,final_val_loss,final_val_ppl,parameters,train_epochs
ablation_layers_2,2,1.5918585982488584,4.9128715024717415,1.59520105776806,4.929320050581251,2206273,3
ablation_layers_4,4,1.5438671142736888,4.682663698086568,1.6873382521882148,5.405074595444266,4313153,3
ablation_layers_6,6,1.7868706557756187,5.970738704073898,2.0863757634245164,8.055666553015568,6420033,3
